{
    "arm1_pose": [
        0.3639,
        -0.3796,
        0.08871,
        0.14091401,
        0.92948374,
        0.33559535,
        0.05982457
    ],
    "arm2_pose": [
        0.19014347222527972,
        -0.9286065787088686,
        0.07385181740401285,
        0.14175490858709,
        0.8945804818968213,
        -0.4199287892979785,
        -0.057368277117678446
    ]
}